identifiant;role;etablissement;modules
scolarite.enset@unv-ebolowa.cm;Scolarité;enset;du
scolarite.fs@unv-ebolowa.cm;Scolarité;fs;du
scolarite.fsjp@unv-ebolowa.cm;Scolarité;fsjp;du
scolarite.fseg@unv-ebolowa.cm;Scolarité;fseg;du
scolarite.falsh@unv-ebolowa.cm;Scolarité;falsh;du
scolarite.enstmo@unv-ebolowa.cm;Scolarité;enstmo;du
scolarite.estlc@unv-ebolowa.cm;Scolarité;estlc;du
scolarite.fmsp@unv-ebolowa.cm;Scolarité;fmsp;du
scolarite.isabee@unv-ebolowa.cm;Scolarité;isabee;du
celinfo.enset@unv-ebolowa.cm;Celinfo;enset;aucun
celinfo.fs@unv-ebolowa.cm;Celinfo;fs;aucun
celinfo.fsjp@unv-ebolowa.cm;Celinfo;fsjp;aucun
celinfo.fseg@unv-ebolowa.cm;Celinfo;fseg;aucun
celinfo.falsh@unv-ebolowa.cm;Celinfo;falsh;aucun
celinfo.enstmo@unv-ebolowa.cm;Celinfo;enstmo;aucun
celinfo.estlc@unv-ebolowa.cm;Celinfo;estlc;du
celinfo.fmsp@unv-ebolowa.cm;Celinfo;fmsp;du
celinfo.isabee@unv-ebolowa.cm;Celinfo;isabee;du
directeur.enset@unv-ebolowa.cm;Doyen/Directeur;enset;du
doyen.fs@unv-ebolowa.cm;Doyen/Directeur;fs;du
doyen.fsjp@unv-ebolowa.cm;Doyen/Directeur;fsjp;du
doyen.fseg@unv-ebolowa.cm;Doyen/Directeur;fseg;du
doyen.falsh@unv-ebolowa.cm;Doyen/Directeur;falsh;du
directeur.enstmo@unv-ebolowa.cm;Doyen/Directeur;enstmo;du
directeur.estlc@unv-ebolowa.cm;Doyen/Directeur;estlc;du
directeur.fmsp@unv-ebolowa.cm;Doyen/Directeur;fmsp;du
doyen.isabee@unv-ebolowa.cm;Doyen/Directeur;isabee;du
regie.cms@unv-ebolowa.cm;Régie;tous;vm
chef.cms@unv-ebolowa.cm;CMS;tous;vm
recteur@unv-ebolowa.cm;Recteur;tous;tous
cf@unv-ebolowa.cm;CF;tous;tous
daaf@unv-ebolowa.cm;DAAF;tous;tous
